<?xml version="1.0" encoding="UTF-8"?>
<templates id="template" xml:space="preserve">
    <t t-name="SaveQuotationPopUp" owl="1">
        <div role="dialog" class="modal-dialog">
            <div class="popup">
                <header class="title">
                    <t t-esc="props.title"/>
                </header>
                <div class="div">
                    <div class="flex-justify-content">
                        <div class="quote-id">Prescription Id:</div>
                        <div class="quote-id-value"><t t-esc="props.quotationNumber"/></div>
                    </div>
                    <div class="flex-justify-content">
                        <div class="quote-id">Customer:</div>
                        <div class="quote-id-value"><t t-esc="props.customer ? props.customer.name : 'Not Selected'"/></div>
                    </div>
                    <div class="flex-justify-content">
                        <div class="note-save-quotation">Note:</div>
                        <div>
                             <textarea id="text_area" t-model="state.inputValue" t-ref="textarea" rows="3" cols="30"/>
                        </div>
                    </div>
                </div>
                <div class="footer">
                    <div>
                        <div class="button cancel" t-on-click="cancel">
                            <t t-esc="props.cancelText"/>
                        </div>
                        <div class="button confirm" t-on-click="confirm">
                            <t t-esc="props.confirmText"/>
                        </div>
                    </div>
                    <div>
                        <div class="button confirm" t-on-click="confirmPrint">Save &amp; Print</div>
                    </div>
                </div>
            </div>
        </div>
    </t>
</templates>
