id,name,model_id:id,group_id:id,perm_read,perm_write,perm_create,perm_unlink
access_patient_prescription,access_patient_prescription,model_patient_prescription,base.group_user,1,1,1,1
access_product_verify,access_product_verify,model_product_verify,base.group_user,1,1,1,1
access_refill_request,access_refill_request,model_refill_request,base.group_user,1,1,1,1
access_payment_acquirer,access_payment_acquirer,model_payment_acquirer,base.group_user,1,1,1,1
access_payment_transaction,access_payment_transaction,model_payment_transaction,base.group_user,1,1,1,1

