<?xml version="1.0" ?>
<odoo>

    <!-- Mail template are declared in a NOUPDATE block
         so users can freely customize/delete them -->
    <data noupdate="1">
        <!--Email template -->
        <record id="email_patient_prescription" model="mail.template">
            <field name="name">Prescription: Send by email</field>
            <field name="model_id" ref="patient_medication_records.model_patient_prescription"/>
            <field name="email_from">${(object.user_id.email_formatted) |safe}</field>
            <field name="partner_to">${object.name.id}</field>
            <field name="subject">${object.company_id.name} Prescription (Ref ${object.name_seq or 'n/a'})</field>
            <field name="body_html" type="html">
                <div style="margin: 0px; padding: 0px;">
                    <p style="margin: 0px; padding: 0px; font-size: 13px;">
                        Hello
                        % if object.name.parent_id:
                            ${object.name.name} (${object.name.parent_id.name}),
                        % else:
                            ${object.name.name},
                        % endif
                        <br /><br />
                        Your order
                        % if object.name_seq:
                            <strong>${object.name_seq}</strong>
                        % else:
                            invoice
                        %endif
<!--                        % if object.invoice_origin:-->
<!--                            (with reference: ${object.invoice_origin})-->
<!--                        % endif-->
                        amounting to <strong>${format_amount(object.total, object.currency_id)}</strong>
                        has been confirmed. Thank you for your trust.
<!--                        % if object.payment_state in ('paid', 'in_payment'):-->
<!--                            This invoice is already paid.-->
<!--                        % else:-->
<!--                            Please remit payment at your earliest convenience.-->
<!--                            % if object.payment_reference:-->
<!--                                <br /><br />-->
<!--                                Please use the following communication for your payment: <strong>${object.payment_reference}</strong>.-->
<!--                            % endif-->
<!--                        % endif-->
                        <br /><br />
                        Do not hesitate to contact us if you have any questions.
                        % if object.user_id.signature:
                            <br />
                            ${object.user_id.signature | safe}
                        % endif
                    </p>
                </div>
            </field>
<!--            <field name="report_template" ref="journal_entry_report_id"/>-->
<!--            <field name="report_name">Invoice_${(object.name_seq or '').replace('/','_')}${object.form_state == 'draft' and '_draft' or ''}</field>-->
<!--            <field name="lang">${object.partner_id.lang}</field>-->
<!--            <field name="auto_delete" eval="True"/>-->
        </record>
    </data>
</odoo>