<?xml version="1.0" ?>
<odoo>

    <!-- Mail template are declared in a NOUPDATE block
         so users can freely customize/delete them -->
    <data noupdate="1">
        <!--Email template -->
        <record id="email_patient_prescription" model="mail.template">
            <field name="name">Prescription: Send by email</field>
            <field name="model_id" ref="patient_medication_records.model_patient_prescription"/>
            <field name="email_from">${(object.user_id.email_formatted) |safe}</field>
            <field name="partner_to">${object.name.id}</field>
            <field name="subject">${object.company_id.name} Prescription (Ref ${object.name_seq or 'n/a'})</field>
            <field name="body_html" type="html">
                <div style="margin: 0px; padding: 0px;">
                    <p style="margin: 0px; padding: 0px; font-size: 13px;">
                        Dear
                        % if object.name.parent_id:
                            ${object.name.name} (${object.name.parent_id.name}),
                        % else:
                            ${object.name.name},
                        % endif
                        <br /><br />
                        We have your medicines ready!
                        <br /><br />
                        Here are the details on how to take them safely
                        <br />
                        <br /><br />
                        <div style="float: right;">
                            Order id :
                            % if object.name_seq:
                                <strong>${object.name_seq}</strong>
                            % else:
                                invoice
                            %endif
                        </div>
                        <br />
                        <table style="border-collapse: collapse;width: 100%;" class="table table-condensed">
                            <thead>
                                <tr>
                                    <th style="font-size:13px; color:#f178c5;">Product</th>
                                    <th style="font-size:13px; color:#f178c5;">Pharmacist advice</th>
                                </tr>
                            </thead>
                            <tbody class="consumed_tbody">
                                % for line in object.produce_bought:
                                    <tr>
                                        <td>
                                            <span style="font-size:13px;">${line.produce.name}</span>
                                        </td>
                                        <td>
                                            <span style="font-size:13px;">${line.total_advice}</span>
                                        </td>
                                    </tr>
                                %endfor
                            </tbody>
                        </table>
                        <br /><br />
                        You can speak to a pharmacist at any time by calling 07040858534.
                        <br />
                        <br /><br />
                        Wholeheartedly <a style="color:#f178c5;">In it with you!</a>
                        <br /><br />
                        TheSharon Pharmacy Team
<!--                        % if object.user_id.signature:-->
<!--                            <br />-->
<!--                            ${object.user_id.signature | safe}-->
<!--                        % endif-->
                    </p>
                </div>
            </field>
<!--            <field name="report_template" ref="journal_entry_report_id"/>-->
<!--            <field name="report_name">Invoice_${(object.name_seq or '').replace('/','_')}${object.form_state == 'draft' and '_draft' or ''}</field>-->
<!--            <field name="lang">${object.partner_id.lang}</field>-->
<!--            <field name="auto_delete" eval="True"/>-->
        </record>
    </data>
</odoo>