<?xml version="1.0" ?>
<odoo>
    <data noupdate="1">
        <!-- Expired Soon -->
        <record id="ir_cron_data_send_refill_reminder" model="ir.cron">
            <field name="name">Reminder Email: update state</field>
            <field name="model_id" ref="model_refill_request"/>
            <field name="type">ir.actions.server</field>
            <field name="state">code</field>
            <field name="code">model.action_prescription_send_auto()</field>
            <field name="interval_number">1</field>
            <field name="interval_type">days</field>
            <field name="numbercall">-1</field>
        </record>
    </data>
</odoo>