<?xml version="1.0" ?>
<odoo>

    <!-- Mail template are declared in a NOUPDATE block
         so users can freely customize/delete them -->
    <data noupdate="1">
        <!--Email template -->
        <record id="email_refill_request" model="mail.template">
            <field name="name">Prescription: Send by email</field>
            <field name="model_id" ref="patient_medication_records.model_refill_request"/>
            <field name="email_from">${(object.user_id.email_formatted) |safe}</field>
            <field name="partner_to">${object.patient_no.id}</field>
            <field name="subject">${object.company_id.name} Prescription (Ref ${object.name_seq or 'n/a'})</field>
            <field name="body_html" type="html">
                <div style="margin: 0px; padding: 0px;">
                    <p style="margin: 0px; padding: 0px; font-size: 13px;">
                        Dear
                        % if object.patient_no.parent_id:
                            ${object.patient_no.name} (${object.patient_no.parent_id.name}),
                        % else:
                            ${object.patient_no.name},
                        % endif
                        <br /><br />
                        You will run out of the following medicine(s) soon

                        <br /><br />
                        % for line in object.items:
                            % if line.refill_now
                                <strong>${line.produce.name}, </strong>
                            % endif
                        %endfor
                        <br /><br />

                        Please click on the link below to complete your order
                        <br /><br />
                        ${object.survey_url}
                        <br /><br />
                        Note:
                        <br />
                        Timely reorders help us ensure that you never run out of your needed medications.

                        <br /><br />
                        Wholeheartedly <a style="color:#ff00fe;">In it with you!</a>
                        <br /><br />
                        TheSharon Pharmacy Team
<!--                        Do not hesitate to contact us if you have any questions.-->
<!--                        % if object.user_id.signature:-->
<!--                            <br />-->
<!--                            ${object.user_id.signature | safe}-->
<!--                        % endif-->
                    </p>
                </div>
            </field>
<!--            <field name="report_template" ref="report_product_refill"/>-->
<!--            <field name="report_name">Invoice_${(object.name_seq or '').replace('/','_')}${object.form_state == 'draft' and '_draft' or ''}</field>-->
<!--            <field name="lang">${object.partner_id.lang}</field>-->
<!--            <field name="auto_delete" eval="True"/>-->
        </record>
    </data>
</odoo>