<?xml version="1.0" encoding="utf-8" ?>
<odoo>
    <data noupdate="1">
        <record id="seq_prescription" model="ir.sequence">
            <field name="name">Prescriptions</field>
            <field name="code">patient.prescription.sequence</field>
            <field name="prefix">Presc</field>
            <field name="padding">5</field>
            <field name="number_next">1</field>
            <field name="number_increment">1</field>
            <field name="company_id" eval="False"/>
        </record>

        <record id="seq_refill" model="ir.sequence">
            <field name="name">Refills</field>
            <field name="code">refill.request.sequence</field>
            <field name="prefix">Refill</field>
            <field name="padding">5</field>
            <field name="number_next">1</field>
            <field name="number_increment">1</field>
            <field name="company_id" eval="False"/>
        </record>
    </data>
</odoo>